packet_id,year,accession,ticker,submission_url,item4_sha256,human_specific_active_intent,human_representative_sentence,human_aggregate_ownership_pct_or_unresolved,human_notes
AO13D-001,2025,0001213900-25-045048,MIDD,https://www.sec.gov/Archives/edgar/data/769520/0001213900-25-045048.txt,403b8f54852e2d2577d96f91a40b1acfce7632a9050e9dc316427d52c1b3ba73,,,,
AO13D-002,2013,0001053310-13-000001,IBIO,https://www.sec.gov/Archives/edgar/data/1053310/0001053310-13-000001.txt,c502e8a238192549a64e60062cb5f7f5127669da902b6504917034ed9d7e2f43,,,,
AO13D-003,2012,0001188112-12-002881,GCAP,https://www.sec.gov/Archives/edgar/data/1312548/0001188112-12-002881.txt,0337c46206b4f0eca12a0b55e5bf348b27bffb64939eed3e12b6af48376ee2af,,,,
AO13D-004,2016,0000921895-16-005015,SPRT,https://www.sec.gov/Archives/edgar/data/1104855/0000921895-16-005015.txt,68f710fae7e0d16d48df21b187e1dd2c55d3ba49b4eebccb812413877bccc1e6,,,,
AO13D-005,2012,0001193125-12-477516,MEMS1,https://www.sec.gov/Archives/edgar/data/1386198/0001193125-12-477516.txt,91c6bcf5e61247a462cebd8400dea2de2f7ef6627144403e2f56950f65844af7,,,,
AO13D-006,2018,0001085146-18-001556,ATHN1,https://www.sec.gov/Archives/edgar/data/1131096/0001085146-18-001556.txt,e74e319c3f19e058bdb148cb1368491d617242bbf932f2986f7d0e2e5c289e9e,,,,
AO13D-007,2017,0000807249-17-000032,RLJE,https://www.sec.gov/Archives/edgar/data/807249/0000807249-17-000032.txt,fd584776469c1131efc22f680bd6a92286bb61d197984b839e6aa94546b522ef,,,,
AO13D-008,2014,0001534701-14-000053,PSXP,https://www.sec.gov/Archives/edgar/data/1534701/0001534701-14-000053.txt,830d0e3fde0546a023fa426f9352bb5dbf85565413d139aef46fb1a1eeec2173,,,,
AO13D-009,2021,0001140361-21-008895,CALY,https://www.sec.gov/Archives/edgar/data/837465/0001140361-21-008895.txt,6647646a67fc196cf55ad14b4ed06e0221a9c52be7c207f8791d49551817822e,,,,
AO13D-010,2011,0000950123-11-022740,HAWKQ,https://www.sec.gov/Archives/edgar/data/1420192/0000950123-11-022740.txt,6c638e9dcbecdf5ace63a6c73b2bde09420c23b6054a21517a2de85c2b10b2d4,,,,
AO13D-011,2010,0001193125-10-213184,KSP,https://www.sec.gov/Archives/edgar/data/1178575/0001193125-10-213184.txt,dfdff37becf81bf58765910a3eab5477bbf3c119ef44dd6ba52186042b302f46,,,,
AO13D-012,2017,0001607062-17-000446,ORGS,https://www.sec.gov/Archives/edgar/data/1460602/0001607062-17-000446.txt,6d6272b2b48ac9c655114673b959a76302f09dc8b8543e80b8a1530e039a18bb,,,,
AO13D-013,2021,0001104659-21-031808,INZY,https://www.sec.gov/Archives/edgar/data/1680200/0001104659-21-031808.txt,2752ca0360ef14893187d463e1b506b7a635a51045295806ce7cae87d4232f23,,,,
AO13D-014,2011,0000898432-11-000979,ASTI,https://www.sec.gov/Archives/edgar/data/1350102/0000898432-11-000979.txt,90c5e2db080f9d690f7fe5ff1058f06b891763003fe693b458eeeaa78a5c3cd0,,,,
AO13D-015,2013,0001135428-13-000091,SEH,https://www.sec.gov/Archives/edgar/data/77597/0001135428-13-000091.txt,,,,,
AO13D-016,2014,0001193125-14-084655,STRS,https://www.sec.gov/Archives/edgar/data/885508/0001193125-14-084655.txt,bdfbaa1357f868b682a8d87c616129c784e63bcd5adf1d80bd2b0dbdf800e451,,,,
AO13D-017,2010,0000950142-10-000581,OPCH,https://www.sec.gov/Archives/edgar/data/1014739/0000950142-10-000581.txt,82b7a5bc975ba77f356eb97ac09bde86c816163fc8ef33e0249033fa16bbe894,,,,
AO13D-018,2015,0001487952-15-000014,VPG,https://www.sec.gov/Archives/edgar/data/1228006/0001487952-15-000014.txt,,,,,
AO13D-019,2025,0001213900-25-090272,RGR,https://www.sec.gov/Archives/edgar/data/95029/0001213900-25-090272.txt,27e72dcc15e14923947f716a7e36453ab8f64472c6d2a2756bfd561cc38a28de,,,,
AO13D-020,2025,0001731122-25-000604,WGHTQ,https://www.sec.gov/Archives/edgar/data/105319/0001731122-25-000604.txt,878fd9fcc647c0d46228a31d84d0f3ba48d70b6b84f060892eee6c9f3c6dcdae,,,,
AO13D-021,2018,0000899681-18-000080,ROAN,https://www.sec.gov/Archives/edgar/data/1326428/0000899681-18-000080.txt,99364c78460f6f620211b0a35293650ebad5f7a17d1c1d630fa8e0d1a7a385f8,,,,
AO13D-022,2014,0001427196-14-000005,BODY1,https://www.sec.gov/Archives/edgar/data/1379246/0001427196-14-000005.txt,4aa8e85af857b7d0e9f3e65bc21ebcb185b0b45d1c7af54bea50eb698e208804,,,,
AO13D-023,2022,0001140361-22-005618,FSK,https://www.sec.gov/Archives/edgar/data/1422183/0001140361-22-005618.txt,a5107c30e91457e55a570922a8e13bc6477b381d27640e63f527080a4da5caf7,,,,
AO13D-024,2013,0001415889-13-000676,DOMH,https://www.sec.gov/Archives/edgar/data/12239/0001415889-13-000676.txt,b9e842ca5e520e233cb4b3cd2d88039ad224d59f4d89e7173655d33e59d935e9,,,,
AO13D-025,2022,0001493152-22-033446,IPDN,https://www.sec.gov/Archives/edgar/data/1546296/0001493152-22-033446.txt,ca12c4a74b275fd449dd456d758a834132b6b8c41aea2a19e651f4aed36c96e5,,,,
AO13D-026,2020,0000897069-20-000041,VTNRQ,https://www.sec.gov/Archives/edgar/data/890447/0000897069-20-000041.txt,,,,,
AO13D-027,2023,0001193125-23-032693,VIGL,https://www.sec.gov/Archives/edgar/data/1827087/0001193125-23-032693.txt,6529abbc9b5d659621427bf2f034d073e6c6dcf7ab698699aa2f6cef3cb6e65b,,,,
AO13D-028,2024,0000950170-24-045983,SCHL,https://www.sec.gov/Archives/edgar/data/866729/0000950170-24-045983.txt,6c620b1d3197784486dfbce568f5c277c79785e0cd3e36359de8c103419713bc,,,,
AO13D-029,2016,0001628280-16-019285,JRJRQ,https://www.sec.gov/Archives/edgar/data/1403085/0001628280-16-019285.txt,2d90dc58eeca48bb9f0078078510be3ecd0b24dfcfafe941e137290e5c103fba,,,,
AO13D-030,2023,0001661357-23-000005,GRI,https://www.sec.gov/Archives/edgar/data/1661357/0001661357-23-000005.txt,43a6fb1e44041528947b7d5cdb477792ef3c131ed148872d2463a8f607e40d6b,,,,
AO13D-031,2016,0001072613-16-000809,AVEO,https://www.sec.gov/Archives/edgar/data/1325879/0001072613-16-000809.txt,fa4457a8e204a561aa3adfb09f9e789b335a008d3a5a88e77ebb3a207db378b3,,,,
AO13D-032,2020,0001104659-20-096782,CMPI,https://www.sec.gov/Archives/edgar/data/1612133/0001104659-20-096782.txt,2752ca0360ef14893187d463e1b506b7a635a51045295806ce7cae87d4232f23,,,,
AO13D-033,2010,0000905718-10-000160,DLIAQ,https://www.sec.gov/Archives/edgar/data/1326150/0000905718-10-000160.txt,e86e20d7dccd072fa857e178e1de91d444823e4dd142c151c69ebf613e6e4a2a,,,,
AO13D-034,2015,0001193125-15-342766,CQP,https://www.sec.gov/Archives/edgar/data/1383650/0001193125-15-342766.txt,ff2276e976fe4be03fbcf1702e86e05bed3bff878201f373b75b1190236c2a10,,,,
AO13D-035,2012,0000950103-12-005047,CBF,https://www.sec.gov/Archives/edgar/data/1479750/0000950103-12-005047.txt,544fd2c1149338c613b86ee0727def179e0e9c4a9f5d5c2c7486e6baaad3083a,,,,
AO13D-036,2024,0001193125-24-048200,CART,https://www.sec.gov/Archives/edgar/data/1579091/0001193125-24-048200.txt,736138d7544f81d760597bdb7c610d28ae8c0c1953628a6e5f05d87ba9aa2078,,,,
AO13D-037,2021,0001193125-21-195221,NAUT,https://www.sec.gov/Archives/edgar/data/1224962/0001193125-21-195221.txt,789ddd2cad5adc91c2e84644ed31f8c476a4540e85b3fe0cd8c3b29471cbebe3,,,,
AO13D-038,2018,0001193125-18-159296,GSHD,https://www.sec.gov/Archives/edgar/data/1726978/0001193125-18-159296.txt,75bc4863fa80baf79d76ae60732177aa90e72dfbb4ee5ccf9ea5aa7bb836377c,,,,
AO13D-039,2023,0001193125-23-251744,LMNR,https://www.sec.gov/Archives/edgar/data/1243589/0001193125-23-251744.txt,c388425e8f70ecc73567848f4960ae8286b3131835656905e2a321d98421341a,,,,
AO13D-040,2011,0001371446-11-000025,NDN,https://www.sec.gov/Archives/edgar/data/1011290/0001371446-11-000025.txt,f31d4e4688b43679215852dd2c6a9eb21e4b75561b01603cfc955fe72e8ce0c4,,,,
AO13D-041,2019,0001104659-19-034421,FTDCQ,https://www.sec.gov/Archives/edgar/data/1575360/0001104659-19-034421.txt,356d594eced763ec9ec3cbfbf6771a8f11e34bc85b12429831482066003e996e,,,,
AO13D-042,2019,0000929638-19-000598,BCYC,https://www.sec.gov/Archives/edgar/data/1553936/0000929638-19-000598.txt,0de71b514580f7ce44317627f10f3e0d102a8ec26ead332d383567bcf0e4df13,,,,
AO13D-043,2024,0001193125-24-241045,UPB,https://www.sec.gov/Archives/edgar/data/2022626/0001193125-24-241045.txt,5f2df940739d5c6f08e2da7ae6ed2e547601a5207e0b47937ae32a2375d2e29e,,,,
AO13D-044,2017,0001104659-17-066041,AGYS,https://www.sec.gov/Archives/edgar/data/78749/0001104659-17-066041.txt,66e63b0fbb5e4d4f93c5513ff88df03d2eac855746f2a2962fc8bbd9fd3a749a,,,,
AO13D-045,2022,0001193125-22-288750,SPRY,https://www.sec.gov/Archives/edgar/data/1378550/0001193125-22-288750.txt,8f640e5906842443a6994a8a1a56da78db4397224149b4c00e21de84ca53c2fe,,,,
AO13D-046,2015,0001140361-15-044296,BMCH,https://www.sec.gov/Archives/edgar/data/1105838/0001140361-15-044296.txt,585d7ff30226b4b5928344adf99406f2d89744d607c409c0c17ff784f2d36143,,,,
AO13D-047,2019,0001654954-19-011890,REI,https://www.sec.gov/Archives/edgar/data/1222390/0001654954-19-011890.txt,acae3b5777c195a4aef881e37a0c4765906972342a3638ceb05e2653df9c407b,,,,
AO13D-048,2020,0000904454-20-000622,VRTU,https://www.sec.gov/Archives/edgar/data/1207074/0000904454-20-000622.txt,7eb5121883bbf9e4de24c38117e468f978d7d5e615829674231746db8c8bab3c,,,,
